order_id,user_id,item_id,quantity,price,order_ts,status
1,72,258,16,44.3,2025-06-23T20:50:40Z,ordered
2,61,92,9,196.91,2025-06-24T09:46:45Z,ordered
3,157,250,2,453.2,2025-06-20T07:07:50Z,cancelled
4,176,257,19,455.9,2025-06-25T02:59:01Z,shipped
5,89,160,1,134.58,2025-06-22T10:08:55Z,shipped
6,158,139,5,382.99,2025-06-23T13:07:46Z,delayed
7,194,40,15,489.48,2025-06-27T22:52:29Z,delivered
8,74,51,8,220.19,2025-06-26T16:44:26Z,processing
9,56,388,8,453.37,2025-06-21T21:21:43Z,ordered
10,45,428,1,178.43,2025-06-13T22:52:49Z,delayed
11,110,5,18,202.62,2025-06-04T07:30:23Z,cancelled
12,46,153,14,85.47,2025-06-22T09:17:55Z,processing
13,57,413,9,27.59,2025-06-24T13:54:00Z,processing
14,113,86,5,467.08,2025-06-28T14:55:52Z,delivered
15,46,73,6,64.34,2025-06-29T03:42:25Z,delayed
16,57,13,16,304.26,2025-06-20T20:31:26Z,processing
17,188,199,15,138.43,2025-06-11T17:45:33Z,cancelled
18,114,324,12,33.94,2025-06-10T13:44:58Z,ordered
19,94,125,16,445.71,2025-06-20T15:24:52Z,delayed
20,160,224,19,339.02,2025-06-25T13:49:08Z,delivered
21,105,225,4,230.73,2025-06-07T07:37:30Z,processing
22,27,331,20,183.59,2025-06-12T16:14:08Z,delayed
23,127,415,12,283.97,2025-06-19T01:04:45Z,delayed
24,73,138,10,79.76,2025-06-18T17:20:00Z,shipped
25,120,18,5,225.18,2025-06-25T20:36:38Z,ordered
26,142,317,2,395.44,2025-06-15T16:43:01Z,shipped
27,195,243,5,230.16,2025-06-26T09:41:38Z,shipped
28,125,332,8,106.15,2025-06-26T03:48:54Z,processing
29,109,251,7,262.49,2025-06-04T13:39:48Z,delivered
30,152,197,8,81.84,2025-06-16T06:45:59Z,processing
31,37,99,7,377.5,2025-06-09T07:37:34Z,shipped
32,38,376,12,188.16,2025-06-12T23:40:01Z,ordered
33,173,449,1,341.16,2025-06-27T00:02:41Z,processing
34,79,397,3,121.82,2025-06-17T11:24:11Z,cancelled
35,27,201,1,492.02,2025-06-07T20:04:10Z,delayed
36,160,138,5,71.48,2025-06-01T02:48:02Z,delivered
37,170,121,9,489.2,2025-06-23T10:40:34Z,processing
38,145,148,20,167.53,2025-06-26T15:54:47Z,delayed
39,3,459,13,371.92,2025-06-01T04:23:49Z,cancelled
40,168,191,15,235.83,2025-06-19T06:02:05Z,processing
41,159,298,20,261.94,2025-06-26T13:25:12Z,ordered
42,35,462,7,307.89,2025-06-24T05:59:17Z,cancelled
43,161,212,6,234.82,2025-06-23T20:23:45Z,processing
44,50,245,7,156.47,2025-06-03T17:34:18Z,delivered
45,3,494,19,268.65,2025-06-09T14:13:25Z,shipped
46,111,260,9,438.1,2025-06-10T19:50:48Z,ordered
47,109,103,1,438.22,2025-06-15T04:18:21Z,processing
48,98,54,19,419.16,2025-06-12T04:30:20Z,delivered
49,55,249,6,374.19,2025-06-28T22:17:15Z,cancelled
50,65,34,17,271.02,2025-06-28T04:47:37Z,shipped
51,99,443,6,377.4,2025-06-25T10:02:22Z,cancelled
52,127,204,14,285.88,2025-06-03T15:03:51Z,ordered
53,190,352,8,72.09,2025-06-11T23:51:29Z,processing
54,30,427,17,396.38,2025-06-10T15:46:00Z,ordered
55,161,75,20,136.55,2025-06-18T09:31:59Z,cancelled
56,147,299,11,404.56,2025-06-06T07:55:28Z,delivered
57,157,165,6,298.15,2025-06-23T14:35:28Z,cancelled
58,200,464,9,179.38,2025-06-20T03:21:51Z,delivered
59,101,391,8,65.99,2025-06-27T00:52:12Z,cancelled
60,97,143,16,271.59,2025-06-08T23:55:16Z,cancelled
61,120,380,10,148.38,2025-06-23T00:12:16Z,shipped
62,165,247,17,332.57,2025-06-18T06:23:22Z,ordered
63,185,5,10,476.24,2025-06-06T15:28:53Z,shipped
64,129,252,13,429.1,2025-06-08T13:42:24Z,shipped
65,15,470,6,137.41,2025-06-15T00:38:36Z,ordered
66,93,93,8,486.29,2025-06-02T16:07:37Z,processing
67,98,27,18,57.31,2025-06-18T17:11:06Z,cancelled
68,104,407,7,208.34,2025-06-07T17:20:23Z,delivered
69,29,193,18,407.64,2025-06-12T16:16:05Z,delayed
70,11,287,6,213.04,2025-06-27T19:22:28Z,ordered
71,151,359,18,146.91,2025-06-02T01:42:32Z,ordered
72,143,406,16,412.38,2025-06-05T20:25:42Z,delayed
73,172,164,2,183.3,2025-06-27T10:17:06Z,ordered
74,190,353,7,358.47,2025-06-11T06:28:03Z,delivered
75,40,234,6,483.75,2025-06-20T10:11:04Z,delivered
76,92,35,9,215.9,2025-06-23T16:41:18Z,processing
77,124,452,20,158.56,2025-06-06T23:40:24Z,delayed
78,118,404,2,227.0,2025-06-15T11:38:12Z,cancelled
79,191,5,9,164.52,2025-06-06T00:44:21Z,ordered
80,85,214,8,200.03,2025-06-02T07:17:11Z,processing
81,51,234,13,21.79,2025-06-09T07:23:15Z,delivered
82,106,476,2,117.84,2025-06-07T04:26:55Z,shipped
83,136,131,5,202.57,2025-06-08T13:16:53Z,cancelled
84,107,247,13,48.12,2025-06-19T05:33:52Z,cancelled
85,145,55,9,382.86,2025-06-13T20:24:24Z,delivered
86,129,50,5,143.8,2025-06-18T04:00:43Z,delayed
87,70,22,20,325.78,2025-06-21T15:05:37Z,processing
88,196,193,8,379.25,2025-06-04T21:46:48Z,shipped
89,12,360,10,254.36,2025-06-12T19:50:17Z,shipped
90,22,495,16,350.36,2025-06-13T11:32:09Z,processing
91,192,392,3,251.01,2025-06-19T16:09:05Z,ordered
92,19,95,6,77.08,2025-06-03T12:43:17Z,processing
93,189,66,3,467.97,2025-06-28T19:40:11Z,cancelled
94,17,350,18,99.61,2025-06-14T23:14:40Z,processing
95,182,418,17,241.43,2025-06-12T07:23:46Z,delivered
96,95,94,5,51.08,2025-06-19T08:28:51Z,shipped
97,125,222,18,252.49,2025-06-17T16:07:34Z,ordered
98,31,4,13,428.89,2025-06-21T15:43:40Z,ordered
99,140,369,15,282.16,2025-06-24T20:59:35Z,shipped
100,4,468,10,188.44,2025-06-16T17:37:48Z,ordered
101,89,263,15,60.89,2025-06-27T09:15:30Z,delivered
102,56,232,20,447.53,2025-06-29T03:55:07Z,delayed
103,115,145,5,103.87,2025-06-09T17:29:56Z,delivered
104,43,167,1,390.12,2025-06-03T12:07:07Z,delayed
105,91,411,13,275.14,2025-06-21T04:14:07Z,delivered
106,194,318,13,252.21,2025-06-15T13:48:16Z,delivered
107,104,383,6,258.39,2025-06-01T21:27:39Z,cancelled
108,197,179,14,104.21,2025-06-27T21:21:07Z,processing
109,43,488,20,448.33,2025-06-29T18:23:50Z,delivered
110,148,98,4,111.79,2025-06-10T12:24:15Z,delivered
111,133,49,14,333.54,2025-06-26T17:07:49Z,processing
112,67,335,3,164.17,2025-06-13T04:58:56Z,shipped
113,170,208,6,295.44,2025-06-22T23:52:04Z,delivered
114,154,116,7,309.82,2025-06-09T07:50:08Z,shipped
115,37,43,16,386.15,2025-06-14T02:02:45Z,ordered
116,15,152,12,97.24,2025-06-05T14:17:27Z,delivered
117,182,140,16,241.09,2025-06-14T08:23:09Z,delivered
118,155,167,4,397.68,2025-06-21T07:20:30Z,delayed
119,4,376,16,279.17,2025-06-17T23:26:14Z,cancelled
120,147,120,5,218.44,2025-06-15T21:59:50Z,shipped
121,79,423,4,481.75,2025-06-23T12:04:35Z,cancelled
122,175,81,16,306.06,2025-06-09T05:13:52Z,shipped
123,195,288,19,103.93,2025-06-24T17:43:23Z,shipped
124,106,196,12,166.42,2025-06-28T04:14:58Z,shipped
125,87,174,5,260.75,2025-06-20T12:11:21Z,ordered
126,190,42,20,63.51,2025-06-21T09:28:41Z,processing
127,117,146,7,489.45,2025-06-15T11:32:48Z,ordered
128,129,500,8,342.9,2025-06-04T11:54:24Z,shipped
129,169,401,3,337.77,2025-06-13T00:00:37Z,processing
130,5,470,6,230.18,2025-06-27T22:48:08Z,delivered
131,14,482,8,220.43,2025-06-05T21:28:12Z,processing
132,81,85,17,119.66,2025-06-08T10:01:40Z,delivered
133,91,327,6,318.47,2025-06-13T00:34:44Z,shipped
134,146,133,3,445.94,2025-06-25T04:32:06Z,cancelled
135,8,418,1,196.49,2025-06-06T20:16:29Z,delayed
136,87,346,20,454.49,2025-06-15T08:23:08Z,ordered
137,109,470,6,299.01,2025-06-18T00:05:47Z,delayed
138,123,275,2,291.91,2025-06-09T14:02:38Z,shipped
139,95,189,17,187.85,2025-06-23T13:45:42Z,delivered
140,149,58,20,337.76,2025-06-23T23:28:24Z,processing
141,7,361,19,12.39,2025-06-25T05:50:33Z,ordered
142,198,470,10,70.34,2025-06-25T01:38:21Z,delivered
143,185,121,9,440.75,2025-06-07T02:11:06Z,ordered
144,70,243,6,116.7,2025-06-24T20:16:42Z,delivered
145,61,369,15,494.17,2025-06-26T23:30:47Z,shipped
146,43,6,7,122.02,2025-06-16T18:12:05Z,cancelled
147,54,386,16,466.7,2025-06-29T07:48:24Z,ordered
148,20,398,18,279.97,2025-06-20T01:56:09Z,cancelled
149,154,326,9,200.63,2025-06-03T22:25:49Z,cancelled
150,200,444,3,74.28,2025-06-16T09:18:46Z,processing
151,196,45,12,422.84,2025-06-09T23:49:55Z,ordered
152,117,255,20,161.27,2025-06-14T15:26:50Z,cancelled
153,156,64,12,174.15,2025-06-22T03:40:13Z,ordered
154,177,127,1,438.36,2025-06-10T20:28:30Z,delayed
155,169,326,2,104.66,2025-06-25T02:47:50Z,cancelled
156,94,400,19,75.94,2025-06-10T23:36:01Z,delivered
157,175,365,5,84.33,2025-06-27T13:28:26Z,cancelled
158,90,98,14,90.62,2025-06-05T05:14:38Z,delayed
159,11,67,2,59.7,2025-06-04T11:06:04Z,delayed
160,151,429,4,223.3,2025-06-19T23:07:37Z,processing
161,34,62,1,375.07,2025-06-06T18:03:36Z,delivered
162,197,142,17,26.1,2025-06-21T18:16:57Z,processing
163,119,308,19,381.52,2025-06-23T08:47:24Z,shipped
164,46,126,20,106.81,2025-06-04T17:32:15Z,delivered
165,116,322,10,123.42,2025-06-13T08:49:18Z,shipped
166,163,25,3,42.1,2025-06-12T01:39:49Z,delivered
167,144,88,20,110.92,2025-06-27T21:20:42Z,delayed
168,152,48,5,385.94,2025-06-12T00:46:59Z,delivered
169,190,314,1,389.28,2025-06-22T13:27:54Z,delivered
170,39,153,15,85.1,2025-06-20T07:10:06Z,delivered
171,3,287,1,365.27,2025-06-24T23:40:37Z,cancelled
172,35,48,7,121.22,2025-06-25T11:23:17Z,delivered
173,124,106,1,248.05,2025-06-13T22:38:55Z,delivered
174,178,387,20,496.06,2025-06-07T11:28:02Z,ordered
175,121,98,12,491.48,2025-06-18T03:11:34Z,delayed
176,98,481,15,408.62,2025-06-04T10:22:45Z,ordered
177,177,28,9,143.13,2025-06-26T13:26:30Z,processing
178,191,171,9,290.5,2025-06-14T10:42:32Z,processing
179,109,182,10,119.49,2025-06-10T19:35:46Z,delayed
180,43,29,12,423.57,2025-06-08T00:54:01Z,ordered
181,1,12,1,68.25,2025-06-11T08:25:58Z,delivered
182,193,420,20,441.79,2025-06-02T03:05:58Z,delivered
183,108,178,6,312.06,2025-06-15T11:23:11Z,ordered
184,2,337,16,284.67,2025-06-14T05:15:24Z,processing
185,162,120,5,81.38,2025-06-04T20:22:15Z,shipped
186,178,498,7,333.92,2025-06-18T22:55:17Z,delayed
187,182,143,6,106.67,2025-06-09T16:50:25Z,delayed
188,164,460,10,301.82,2025-06-28T02:16:52Z,delayed
189,191,451,11,440.29,2025-06-28T15:03:43Z,shipped
190,154,262,11,35.31,2025-06-17T14:34:40Z,shipped
191,38,394,6,231.18,2025-06-01T20:38:37Z,delivered
192,22,232,20,260.28,2025-06-14T06:11:08Z,delayed
193,1,300,18,345.62,2025-06-07T13:26:52Z,cancelled
194,170,244,7,235.57,2025-06-17T15:12:29Z,shipped
195,55,47,16,30.37,2025-06-28T02:28:26Z,ordered
196,79,32,8,326.77,2025-06-01T06:30:17Z,delivered
197,58,325,8,475.96,2025-06-11T09:44:28Z,processing
198,12,155,11,237.35,2025-06-10T00:26:25Z,ordered
199,26,404,5,453.22,2025-06-14T20:14:06Z,delayed
200,50,55,13,80.16,2025-06-23T18:27:39Z,processing
201,17,228,20,85.03,2025-06-01T05:27:50Z,delayed
202,6,207,10,352.53,2025-06-07T02:06:54Z,delivered
203,24,287,4,332.39,2025-06-29T11:30:21Z,shipped
204,12,257,14,46.05,2025-06-29T17:05:39Z,processing
205,162,152,15,87.7,2025-06-12T09:09:40Z,ordered
206,13,431,3,405.84,2025-06-27T05:09:05Z,ordered
207,192,411,8,374.99,2025-06-01T19:13:44Z,shipped
208,69,226,11,61.5,2025-06-15T23:36:52Z,delivered
209,43,425,13,401.72,2025-06-28T20:51:49Z,delivered
210,16,318,2,33.16,2025-06-20T20:36:21Z,cancelled
211,184,343,12,412.41,2025-06-16T15:02:12Z,cancelled
212,22,140,2,323.9,2025-06-15T12:18:45Z,delayed
213,137,208,16,344.86,2025-06-09T13:24:22Z,cancelled
214,106,47,7,499.92,2025-06-24T15:51:32Z,delivered
215,99,70,8,137.34,2025-06-15T07:59:41Z,processing
216,115,37,9,251.02,2025-06-08T02:24:33Z,delayed
217,90,9,16,123.83,2025-06-12T02:07:11Z,shipped
218,142,439,9,253.01,2025-06-11T23:16:05Z,cancelled
219,53,303,8,434.73,2025-06-03T19:56:50Z,delayed
220,182,188,9,91.32,2025-06-18T08:51:03Z,processing
221,66,79,14,46.59,2025-06-21T10:18:57Z,ordered
222,66,370,13,21.37,2025-06-02T19:34:10Z,delivered
223,62,292,16,149.27,2025-06-15T15:59:04Z,cancelled
224,57,251,16,97.4,2025-06-02T07:18:28Z,ordered
225,187,105,9,426.25,2025-06-04T01:45:16Z,processing
226,49,217,20,453.86,2025-06-14T18:29:02Z,delayed
227,29,426,13,331.66,2025-06-08T00:15:00Z,processing
228,140,290,9,428.7,2025-06-22T23:33:59Z,shipped
229,16,86,12,117.98,2025-06-14T01:57:24Z,delayed
230,128,459,11,392.96,2025-06-03T04:02:28Z,delivered
231,122,34,10,97.94,2025-06-29T14:47:38Z,ordered
232,78,98,15,14.69,2025-06-04T17:59:39Z,cancelled
233,87,312,15,307.63,2025-06-14T09:33:06Z,delayed
234,47,374,12,183.1,2025-06-13T23:52:09Z,delivered
235,52,170,12,463.54,2025-06-12T05:32:41Z,cancelled
236,100,351,9,477.47,2025-06-16T05:43:36Z,delayed
237,156,52,18,339.54,2025-06-18T00:46:49Z,shipped
238,129,370,16,435.74,2025-06-11T10:36:50Z,processing
239,50,383,13,53.71,2025-06-25T18:24:57Z,ordered
240,131,136,14,448.71,2025-06-21T09:29:50Z,processing
241,70,464,11,222.69,2025-06-24T20:33:38Z,shipped
242,86,475,16,237.93,2025-06-10T00:56:03Z,processing
243,5,485,3,284.0,2025-06-08T09:16:08Z,cancelled
244,119,364,11,42.98,2025-06-25T11:29:37Z,processing
245,76,150,6,233.26,2025-06-19T03:06:14Z,delayed
246,49,462,15,15.25,2025-06-25T01:01:35Z,processing
247,79,38,19,420.94,2025-06-18T03:43:41Z,delivered
248,9,399,1,13.69,2025-06-03T23:30:07Z,ordered
249,129,126,15,336.46,2025-06-22T23:55:27Z,delayed
250,121,75,14,82.63,2025-06-03T18:29:32Z,delivered
251,136,137,12,85.22,2025-06-15T07:39:28Z,delayed
252,6,22,13,243.17,2025-06-12T23:51:49Z,ordered
253,79,443,7,55.81,2025-06-12T04:21:08Z,delivered
254,174,396,14,274.71,2025-06-28T20:55:28Z,cancelled
255,98,34,9,288.05,2025-06-27T11:45:05Z,processing
256,13,493,2,488.95,2025-06-15T00:40:24Z,shipped
257,50,66,16,485.75,2025-06-01T05:20:51Z,shipped
258,44,211,12,414.85,2025-06-17T10:49:17Z,cancelled
259,198,77,10,72.4,2025-06-10T22:09:45Z,cancelled
260,31,164,6,381.15,2025-06-25T08:35:25Z,ordered
261,164,480,15,184.57,2025-06-02T01:46:13Z,ordered
262,198,11,2,286.57,2025-06-23T06:33:03Z,shipped
263,24,59,4,240.58,2025-06-14T20:14:03Z,shipped
264,116,303,19,327.06,2025-06-05T13:35:08Z,cancelled
265,123,334,3,440.81,2025-06-16T13:35:12Z,shipped
266,83,411,7,317.67,2025-06-07T02:52:32Z,ordered
267,52,17,9,240.49,2025-06-10T13:22:25Z,cancelled
268,165,188,4,461.79,2025-06-24T16:02:18Z,ordered
269,164,153,4,366.79,2025-06-20T02:59:33Z,ordered
270,114,175,4,100.6,2025-06-25T19:03:48Z,processing
271,116,93,10,483.29,2025-06-05T15:07:21Z,delayed
272,54,279,9,292.55,2025-06-20T17:34:11Z,ordered
273,103,137,18,435.6,2025-06-19T05:46:49Z,delayed
274,153,230,16,433.9,2025-06-09T01:42:08Z,delivered
275,70,429,6,472.06,2025-06-04T05:04:34Z,cancelled
276,172,238,1,349.25,2025-06-05T04:17:46Z,processing
277,38,469,12,16.9,2025-06-15T16:01:39Z,delivered
278,22,479,2,192.22,2025-06-26T01:53:41Z,delivered
279,33,309,12,24.74,2025-06-26T10:56:08Z,cancelled
280,86,4,15,119.66,2025-06-21T03:00:36Z,ordered
281,110,422,9,342.75,2025-06-14T14:39:47Z,cancelled
282,128,40,14,256.32,2025-06-10T17:58:20Z,shipped
283,153,401,10,138.54,2025-06-01T08:53:35Z,cancelled
284,150,264,13,152.15,2025-06-23T04:20:37Z,processing
285,59,193,18,280.06,2025-06-02T04:04:31Z,ordered
286,45,160,11,124.39,2025-06-04T10:05:20Z,processing
287,18,104,19,496.34,2025-06-02T19:26:56Z,processing
288,109,324,15,483.17,2025-06-11T19:04:27Z,processing
289,51,316,6,449.7,2025-06-22T23:48:17Z,delayed
290,82,161,3,177.24,2025-06-05T10:41:16Z,delayed
291,110,257,8,377.56,2025-06-20T16:00:38Z,processing
292,84,111,15,220.39,2025-06-19T15:51:06Z,cancelled
293,189,282,4,128.46,2025-06-26T06:50:19Z,shipped
294,112,60,13,29.1,2025-06-27T14:17:13Z,shipped
295,45,129,15,232.96,2025-06-01T00:21:29Z,cancelled
296,141,163,15,13.0,2025-06-09T13:51:57Z,shipped
297,34,340,10,424.94,2025-06-11T01:56:51Z,delivered
298,145,108,3,21.56,2025-06-07T13:14:24Z,ordered
299,127,264,14,176.84,2025-06-24T07:08:20Z,ordered
300,43,36,13,273.36,2025-06-12T09:22:12Z,shipped
301,150,258,18,372.27,2025-06-23T19:04:28Z,delayed
302,113,361,12,319.31,2025-06-13T20:39:06Z,ordered
303,30,333,16,141.04,2025-06-25T14:47:22Z,shipped
304,2,216,15,31.01,2025-06-24T05:13:54Z,ordered
305,147,309,6,155.99,2025-06-04T15:10:50Z,delayed
306,148,57,11,485.64,2025-06-26T01:52:10Z,ordered
307,123,29,9,248.78,2025-06-20T13:08:06Z,delayed
308,112,157,4,281.75,2025-06-11T23:18:43Z,processing
309,50,327,4,78.88,2025-06-11T18:53:51Z,delayed
310,105,139,17,254.93,2025-06-15T04:52:55Z,ordered
311,194,213,10,386.2,2025-06-10T02:44:48Z,shipped
312,53,197,16,55.58,2025-06-28T02:58:33Z,processing
313,147,256,10,450.38,2025-06-10T16:22:01Z,cancelled
314,178,54,2,237.16,2025-06-11T13:19:08Z,shipped
315,107,241,18,90.1,2025-06-14T20:48:27Z,delayed
316,107,481,14,84.18,2025-06-27T01:55:06Z,delivered
317,14,251,14,140.85,2025-06-11T02:45:25Z,delivered
318,148,46,18,131.79,2025-06-08T16:53:56Z,shipped
319,137,297,5,275.98,2025-06-19T23:11:25Z,delayed
320,191,397,8,347.79,2025-06-16T22:44:26Z,ordered
321,36,500,19,287.77,2025-06-12T07:35:28Z,shipped
322,157,414,8,60.73,2025-06-07T13:49:37Z,delayed
323,106,85,11,95.18,2025-06-08T08:29:09Z,cancelled
324,194,223,4,158.87,2025-06-13T23:57:12Z,ordered
325,147,135,19,37.18,2025-06-21T05:26:36Z,delayed
326,125,450,4,227.43,2025-06-25T21:34:38Z,shipped
327,154,387,3,48.88,2025-06-24T08:04:38Z,cancelled
328,16,327,7,45.14,2025-06-16T19:26:14Z,ordered
329,179,153,5,415.3,2025-06-24T05:32:08Z,cancelled
330,200,500,17,217.75,2025-06-05T12:04:20Z,processing
331,170,257,6,113.28,2025-06-17T05:21:41Z,shipped
332,35,438,3,185.1,2025-06-23T06:49:45Z,cancelled
333,29,363,19,487.88,2025-06-18T11:16:32Z,cancelled
334,109,147,6,381.69,2025-06-18T05:17:09Z,cancelled
335,193,1,14,285.77,2025-06-17T01:48:08Z,cancelled
336,163,170,7,401.65,2025-06-01T14:02:52Z,processing
337,136,84,1,323.38,2025-06-19T16:52:49Z,cancelled
338,31,8,17,222.48,2025-06-26T12:43:30Z,cancelled
339,20,139,18,199.16,2025-06-09T08:51:07Z,ordered
340,146,115,18,24.45,2025-06-20T09:17:30Z,shipped
341,167,31,2,477.51,2025-06-23T10:28:23Z,shipped
342,38,329,14,295.98,2025-06-21T01:25:46Z,delayed
343,152,423,17,196.32,2025-06-15T14:05:02Z,delivered
344,163,71,5,434.22,2025-06-24T18:07:48Z,ordered
345,53,213,10,403.87,2025-06-20T15:30:06Z,ordered
346,124,493,2,430.63,2025-06-01T17:50:42Z,cancelled
347,140,215,10,117.66,2025-06-13T03:16:46Z,delayed
348,85,264,6,192.74,2025-06-20T20:14:51Z,delayed
349,194,282,13,439.28,2025-06-19T06:02:32Z,shipped
350,80,173,12,366.0,2025-06-16T02:31:03Z,ordered
351,96,183,12,403.56,2025-06-04T16:29:14Z,delayed
352,193,228,4,127.32,2025-06-17T15:57:10Z,delivered
353,1,491,12,103.42,2025-06-18T15:29:01Z,cancelled
354,95,337,6,422.83,2025-06-05T09:24:07Z,processing
355,111,358,14,102.23,2025-06-26T23:40:34Z,delivered
356,177,251,11,262.41,2025-06-01T20:16:58Z,processing
357,187,463,6,86.57,2025-06-26T21:26:10Z,shipped
358,144,480,2,63.73,2025-06-09T18:35:45Z,shipped
359,135,276,11,452.44,2025-06-21T09:30:21Z,shipped
360,120,230,12,421.41,2025-06-20T19:33:18Z,ordered
361,110,98,2,190.34,2025-06-08T20:15:50Z,shipped
362,188,386,20,389.25,2025-06-28T01:15:02Z,shipped
363,79,260,11,254.66,2025-06-03T08:07:28Z,ordered
364,156,230,15,310.01,2025-06-13T04:37:47Z,cancelled
365,7,433,1,255.58,2025-06-23T14:22:43Z,delivered
366,29,127,20,159.99,2025-06-26T16:25:23Z,shipped
367,18,438,15,484.33,2025-06-12T19:51:48Z,shipped
368,109,299,1,434.0,2025-06-22T12:26:30Z,processing
369,142,8,3,301.07,2025-06-25T18:46:25Z,processing
370,84,12,7,33.76,2025-06-01T00:57:02Z,cancelled
371,148,213,5,241.32,2025-06-04T05:56:53Z,delivered
372,168,232,2,489.93,2025-06-26T20:12:06Z,delivered
373,90,77,4,246.12,2025-06-02T16:01:17Z,delivered
374,200,71,17,220.27,2025-06-17T14:40:54Z,shipped
375,38,240,16,376.99,2025-06-29T12:31:29Z,delivered
376,137,328,1,277.93,2025-06-12T00:31:54Z,ordered
377,27,269,3,182.75,2025-06-25T07:55:16Z,ordered
378,187,216,7,151.65,2025-06-04T01:37:06Z,ordered
379,69,157,20,416.64,2025-06-20T08:06:55Z,delivered
380,114,65,2,39.21,2025-06-22T17:54:40Z,processing
381,87,182,17,55.74,2025-06-27T10:39:38Z,delivered
382,157,307,11,94.82,2025-06-12T22:32:13Z,shipped
383,30,306,5,309.24,2025-06-05T00:53:57Z,ordered
384,121,423,8,376.31,2025-06-10T20:46:23Z,ordered
385,117,15,19,25.27,2025-06-08T14:57:15Z,delayed
386,44,391,4,353.5,2025-06-09T17:39:10Z,shipped
387,198,314,17,31.97,2025-06-22T02:08:34Z,shipped
388,164,95,1,403.13,2025-06-29T19:24:48Z,delivered
389,53,273,20,278.09,2025-06-29T09:40:49Z,delivered
390,175,477,12,86.77,2025-06-24T21:50:21Z,delayed
391,160,134,2,353.33,2025-06-02T04:54:04Z,shipped
392,64,480,8,413.43,2025-06-20T06:41:21Z,delivered
393,69,119,4,335.72,2025-06-14T07:00:12Z,delayed
394,17,380,14,211.51,2025-06-05T04:14:16Z,cancelled
395,65,367,14,328.87,2025-06-26T02:26:14Z,processing
396,183,382,6,256.99,2025-06-01T07:39:13Z,ordered
397,182,385,19,477.75,2025-06-26T13:01:33Z,shipped
398,78,207,19,359.14,2025-06-09T03:25:06Z,cancelled
399,62,135,2,355.54,2025-06-14T13:09:10Z,processing
400,190,404,17,444.57,2025-06-05T19:25:23Z,delayed
401,169,25,9,319.33,2025-06-07T02:01:35Z,cancelled
402,127,47,16,441.76,2025-06-15T21:27:25Z,processing
403,20,233,19,420.35,2025-06-19T11:36:53Z,cancelled
404,115,75,12,438.24,2025-06-18T08:57:44Z,processing
405,95,422,14,293.86,2025-06-08T17:56:55Z,delayed
406,116,345,18,363.78,2025-06-26T18:05:07Z,processing
407,177,108,2,251.63,2025-06-07T14:53:58Z,shipped
408,152,306,8,168.7,2025-06-12T19:06:27Z,delivered
409,20,457,15,90.47,2025-06-29T16:31:49Z,delivered
410,15,119,15,233.06,2025-06-06T12:37:09Z,delayed
411,99,25,5,218.07,2025-06-25T21:04:26Z,shipped
412,198,325,14,218.13,2025-06-28T00:29:28Z,processing
413,71,8,7,425.84,2025-06-08T06:34:09Z,delayed
414,26,97,11,430.52,2025-06-23T18:38:26Z,delivered
415,95,34,18,264.77,2025-06-12T01:49:13Z,delivered
416,141,482,20,47.93,2025-06-11T15:07:10Z,delayed
417,75,239,7,350.73,2025-06-10T10:50:55Z,delayed
418,140,399,12,399.75,2025-06-15T21:09:03Z,processing
419,10,47,15,176.7,2025-06-05T21:05:43Z,delivered
420,147,207,6,81.29,2025-06-24T19:01:40Z,processing
421,150,14,15,395.32,2025-06-01T16:22:10Z,shipped
422,189,120,14,192.71,2025-06-16T22:21:21Z,delayed
423,178,225,6,411.53,2025-06-04T19:19:03Z,cancelled
424,176,213,14,293.67,2025-06-19T02:13:12Z,processing
425,188,348,8,64.55,2025-06-08T10:35:13Z,delayed
426,1,305,20,465.7,2025-06-20T10:31:44Z,delayed
427,146,112,14,449.31,2025-06-07T12:51:48Z,processing
428,187,479,2,95.07,2025-06-23T16:15:07Z,delayed
429,70,272,7,82.52,2025-06-07T06:04:07Z,delivered
430,50,130,5,16.65,2025-06-06T12:16:01Z,ordered
431,15,56,12,308.67,2025-06-24T00:45:56Z,delayed
432,25,319,16,441.57,2025-06-22T01:15:34Z,delayed
433,98,215,7,34.83,2025-06-12T14:04:20Z,shipped
434,164,77,19,456.05,2025-06-09T15:26:50Z,processing
435,102,191,3,190.83,2025-06-13T20:52:18Z,delivered
436,200,104,2,82.32,2025-06-09T01:17:34Z,ordered
437,95,478,14,47.69,2025-06-06T10:43:11Z,processing
438,58,138,20,103.89,2025-06-01T16:31:37Z,processing
439,26,27,12,278.1,2025-06-06T01:34:02Z,delivered
440,168,285,18,492.17,2025-06-18T04:21:51Z,cancelled
441,33,141,14,60.61,2025-06-21T14:23:17Z,ordered
442,73,418,1,470.96,2025-06-25T23:22:44Z,delivered
443,120,14,19,485.65,2025-06-23T14:29:28Z,ordered
444,110,337,11,473.78,2025-06-20T22:01:24Z,processing
445,73,332,13,339.86,2025-06-06T23:15:19Z,shipped
446,167,86,3,167.49,2025-06-08T07:10:21Z,cancelled
447,34,44,7,69.08,2025-06-25T03:45:09Z,delayed
448,89,422,20,288.35,2025-06-22T16:56:03Z,processing
449,190,207,1,490.74,2025-06-24T23:53:05Z,delivered
450,7,192,15,346.04,2025-06-07T08:30:07Z,ordered
451,130,17,2,67.34,2025-06-16T20:41:32Z,ordered
452,102,20,16,382.8,2025-06-17T00:26:55Z,shipped
453,91,382,3,252.62,2025-06-04T00:59:52Z,shipped
454,70,268,16,222.26,2025-06-18T06:26:33Z,processing
455,42,359,14,238.14,2025-06-21T09:18:27Z,shipped
456,25,456,1,48.31,2025-06-18T23:49:40Z,shipped
457,178,239,17,142.06,2025-06-07T05:11:09Z,cancelled
458,138,323,7,229.27,2025-06-11T18:39:17Z,shipped
459,86,492,10,246.3,2025-06-23T00:35:37Z,shipped
460,17,289,3,99.41,2025-06-25T03:40:11Z,shipped
461,33,63,2,122.81,2025-06-17T10:55:42Z,cancelled
462,7,309,14,270.05,2025-06-10T03:35:20Z,delivered
463,148,357,14,60.19,2025-06-01T18:16:30Z,cancelled
464,5,326,18,276.52,2025-06-18T01:57:33Z,ordered
465,160,63,3,77.57,2025-06-18T17:32:37Z,cancelled
466,67,220,20,232.08,2025-06-04T06:03:11Z,delayed
467,80,325,10,399.33,2025-06-15T01:45:45Z,delivered
468,129,346,6,101.7,2025-06-16T18:12:00Z,ordered
469,79,57,4,255.78,2025-06-13T19:47:43Z,shipped
470,73,123,17,181.07,2025-06-07T05:55:02Z,delayed
471,125,65,4,449.74,2025-06-26T03:05:58Z,delivered
472,24,434,8,481.94,2025-06-11T08:32:25Z,delivered
473,116,223,7,241.18,2025-06-12T23:54:55Z,delivered
474,191,462,17,391.5,2025-06-24T12:35:12Z,ordered
475,81,137,9,388.61,2025-06-28T10:28:22Z,processing
476,22,377,4,405.62,2025-06-01T15:28:31Z,delayed
477,139,75,16,197.1,2025-06-27T16:11:14Z,cancelled
478,132,120,18,171.99,2025-06-05T07:45:48Z,processing
479,6,18,19,132.27,2025-06-29T18:32:11Z,processing
480,168,28,5,431.51,2025-06-19T09:20:34Z,ordered
481,185,170,11,446.99,2025-06-26T12:33:36Z,shipped
482,82,179,2,390.41,2025-06-13T06:44:13Z,delayed
483,3,139,6,129.83,2025-06-01T15:31:56Z,shipped
484,73,415,16,411.16,2025-06-02T23:13:15Z,delivered
485,175,196,10,279.7,2025-06-04T17:32:49Z,delivered
486,109,371,1,340.13,2025-06-09T18:25:25Z,delayed
487,45,444,7,415.01,2025-06-22T12:16:31Z,processing
488,53,130,8,239.05,2025-06-23T11:20:23Z,ordered
489,103,113,19,267.01,2025-06-01T20:16:53Z,shipped
490,62,364,20,203.13,2025-06-08T09:24:37Z,ordered
491,7,50,17,227.12,2025-06-01T15:19:22Z,delivered
492,23,427,8,50.48,2025-06-05T08:37:02Z,cancelled
493,61,315,17,249.05,2025-06-19T19:07:59Z,delivered
494,173,185,14,113.11,2025-06-23T09:33:36Z,shipped
495,183,27,4,269.1,2025-06-07T10:05:57Z,shipped
496,87,175,14,370.47,2025-06-13T05:06:34Z,cancelled
497,131,399,9,60.26,2025-06-18T14:32:03Z,shipped
498,44,80,15,446.45,2025-06-03T18:08:48Z,delayed
499,55,375,17,493.57,2025-06-28T13:20:38Z,cancelled
500,79,411,9,84.12,2025-06-12T05:46:30Z,delayed
501,71,221,12,204.5,2025-06-04T18:47:48Z,ordered
502,186,199,20,194.16,2025-06-16T15:28:13Z,shipped
503,41,417,7,467.58,2025-06-02T09:09:01Z,delivered
504,194,181,7,376.39,2025-06-17T06:26:49Z,processing
505,71,474,10,268.0,2025-06-20T00:07:30Z,cancelled
506,23,278,5,31.72,2025-06-22T04:45:44Z,cancelled
507,84,430,5,285.28,2025-06-10T10:50:25Z,ordered
508,195,428,10,132.08,2025-06-08T13:21:43Z,shipped
509,14,11,12,489.03,2025-06-08T23:23:37Z,delayed
510,8,244,14,252.99,2025-06-09T23:58:42Z,ordered
511,6,223,16,133.12,2025-06-23T08:46:18Z,ordered
512,4,403,17,304.36,2025-06-29T08:01:19Z,cancelled
513,132,333,20,486.47,2025-06-12T10:58:15Z,shipped
514,16,48,1,331.2,2025-06-26T18:54:10Z,processing
515,127,303,14,451.62,2025-06-04T00:37:13Z,processing
516,35,5,5,223.0,2025-06-29T13:00:58Z,shipped
517,159,332,2,287.23,2025-06-15T17:01:42Z,delivered
518,137,50,16,403.67,2025-06-06T02:19:54Z,delivered
519,74,276,5,313.62,2025-06-22T01:21:57Z,processing
520,48,353,4,472.44,2025-06-23T04:40:30Z,processing
521,77,481,9,176.73,2025-06-18T15:56:40Z,delivered
522,175,308,19,99.69,2025-06-05T22:58:47Z,shipped
523,69,257,15,264.26,2025-06-21T18:56:02Z,ordered
524,45,20,16,260.19,2025-06-24T22:33:47Z,shipped
525,24,171,6,179.48,2025-06-07T02:21:48Z,delayed
526,140,284,2,337.78,2025-06-29T21:29:54Z,shipped
527,116,275,1,66.42,2025-06-20T06:11:30Z,delayed
528,187,191,3,289.11,2025-06-27T09:45:19Z,shipped
529,67,247,14,401.16,2025-06-17T09:27:24Z,ordered
530,51,191,17,54.65,2025-06-15T05:26:41Z,ordered
531,162,22,3,306.42,2025-06-22T15:04:34Z,delayed
532,200,52,9,186.16,2025-06-18T11:20:29Z,delivered
533,148,131,4,49.7,2025-06-01T12:20:34Z,cancelled
534,110,315,1,496.9,2025-06-25T05:29:30Z,processing
535,176,188,9,43.74,2025-06-24T14:01:25Z,ordered
536,112,260,10,412.42,2025-06-06T06:48:57Z,shipped
537,26,174,12,339.55,2025-06-09T14:29:34Z,shipped
538,69,213,13,220.5,2025-06-13T03:54:25Z,ordered
539,127,348,9,351.95,2025-06-05T15:45:56Z,shipped
540,178,100,4,288.23,2025-06-18T06:40:07Z,cancelled
541,87,302,7,136.1,2025-06-19T14:20:22Z,processing
542,18,113,8,338.54,2025-06-09T01:18:59Z,delayed
543,117,176,7,365.72,2025-06-22T03:46:20Z,processing
544,78,33,9,454.04,2025-06-09T00:11:23Z,delivered
545,92,495,4,74.38,2025-06-16T08:39:08Z,delivered
546,103,465,8,216.72,2025-06-19T13:25:15Z,shipped
547,46,465,3,479.34,2025-06-14T03:59:10Z,shipped
548,40,166,9,416.37,2025-06-28T00:13:50Z,cancelled
549,154,162,15,484.47,2025-06-01T17:01:54Z,processing
550,177,9,13,488.13,2025-06-29T02:03:20Z,ordered
551,106,464,16,256.78,2025-06-04T18:18:43Z,shipped
552,162,198,19,34.55,2025-06-22T13:58:41Z,delayed
553,74,76,16,184.62,2025-06-27T21:54:47Z,shipped
554,60,78,17,114.39,2025-06-29T09:21:43Z,delayed
555,186,97,15,232.74,2025-06-24T12:52:53Z,delivered
556,155,290,3,43.6,2025-06-04T07:49:43Z,processing
557,59,53,6,492.7,2025-06-06T17:14:50Z,delivered
558,127,202,3,421.58,2025-06-02T13:19:26Z,processing
559,61,374,20,377.71,2025-06-14T12:05:47Z,delayed
560,163,45,3,146.1,2025-06-03T19:09:54Z,delivered
561,178,335,9,434.35,2025-06-21T14:03:20Z,processing
562,164,36,5,488.35,2025-06-26T16:38:38Z,processing
563,105,253,17,351.5,2025-06-06T08:38:09Z,ordered
564,12,303,9,477.23,2025-06-08T21:08:38Z,ordered
565,161,416,17,301.89,2025-06-15T08:35:32Z,ordered
566,132,250,11,423.83,2025-06-21T01:58:10Z,shipped
567,94,434,6,231.07,2025-06-19T12:52:20Z,processing
568,113,312,1,434.44,2025-06-28T12:38:49Z,ordered
569,13,288,1,12.89,2025-06-23T07:40:37Z,ordered
570,174,437,6,432.33,2025-06-07T02:35:14Z,delivered
571,169,77,15,274.82,2025-06-13T01:19:32Z,processing
572,173,109,19,195.83,2025-06-18T18:48:14Z,delivered
573,93,221,11,494.09,2025-06-02T03:06:15Z,delayed
574,170,309,1,258.92,2025-06-08T00:05:51Z,shipped
575,34,471,12,41.37,2025-06-28T21:14:47Z,delivered
576,4,25,17,452.57,2025-06-12T03:03:35Z,cancelled
577,19,50,3,488.56,2025-06-09T22:54:18Z,ordered
578,42,65,18,130.96,2025-06-24T23:20:23Z,ordered
579,133,67,6,156.96,2025-06-11T21:15:40Z,processing
580,44,13,9,107.96,2025-06-04T02:06:28Z,ordered
581,32,239,1,418.54,2025-06-24T15:26:32Z,ordered
582,102,461,12,151.91,2025-06-21T09:54:31Z,ordered
583,154,267,17,363.01,2025-06-11T07:39:46Z,delivered
584,14,458,2,435.82,2025-06-26T18:53:57Z,cancelled
585,177,258,2,373.98,2025-06-15T09:50:37Z,shipped
586,36,462,2,384.46,2025-06-22T11:07:24Z,cancelled
587,190,492,9,262.23,2025-06-11T02:18:22Z,delayed
588,86,96,5,396.7,2025-06-14T17:00:05Z,delivered
589,58,285,15,342.79,2025-06-24T17:39:34Z,shipped
590,43,247,5,92.91,2025-06-01T18:26:47Z,shipped
591,113,265,14,50.48,2025-06-26T13:30:02Z,processing
592,9,277,1,498.85,2025-06-22T01:47:49Z,delayed
593,11,456,17,180.47,2025-06-04T07:49:59Z,ordered
594,185,117,16,78.35,2025-06-01T15:50:55Z,delayed
595,165,478,16,420.9,2025-06-10T14:57:15Z,processing
596,56,123,3,430.69,2025-06-24T07:56:42Z,shipped
597,104,160,18,343.82,2025-06-07T04:08:56Z,shipped
598,28,438,12,436.59,2025-06-24T10:00:52Z,delayed
599,95,213,18,56.29,2025-06-28T01:57:47Z,ordered
600,31,195,14,139.73,2025-06-18T21:35:41Z,processing
601,200,292,16,284.69,2025-06-27T12:16:55Z,shipped
602,19,287,7,90.59,2025-06-15T05:33:40Z,delivered
603,104,95,10,281.48,2025-06-20T20:06:09Z,shipped
604,128,355,19,171.96,2025-06-04T06:34:43Z,delivered
605,105,1,20,432.62,2025-06-23T07:49:20Z,delayed
606,76,199,20,364.75,2025-06-04T08:27:11Z,delivered
607,172,256,16,22.87,2025-06-23T06:26:23Z,processing
608,100,343,6,437.89,2025-06-28T21:49:23Z,shipped
609,125,3,9,210.06,2025-06-25T04:34:50Z,delayed
610,190,474,10,479.2,2025-06-27T21:44:45Z,delivered
611,151,60,6,376.68,2025-06-03T12:41:57Z,ordered
612,77,468,14,102.61,2025-06-29T07:16:39Z,shipped
613,17,399,15,427.63,2025-06-20T04:51:37Z,delivered
614,51,369,10,456.23,2025-06-23T09:22:08Z,shipped
615,53,344,6,45.82,2025-06-29T02:03:43Z,ordered
616,119,374,2,20.54,2025-06-07T12:04:25Z,shipped
617,150,409,6,221.97,2025-06-26T04:20:03Z,processing
618,53,390,12,123.92,2025-06-13T01:45:59Z,delayed
619,5,379,7,81.78,2025-06-18T01:50:36Z,processing
620,41,366,9,225.37,2025-06-03T20:35:31Z,processing
621,19,165,13,396.57,2025-06-02T00:25:34Z,cancelled
622,45,200,8,292.34,2025-06-12T18:47:32Z,cancelled
623,81,337,14,232.79,2025-06-23T14:39:03Z,cancelled
624,54,460,6,445.93,2025-06-29T09:39:41Z,shipped
625,75,104,13,110.07,2025-06-17T04:26:44Z,delayed
626,8,126,9,231.24,2025-06-26T05:49:36Z,shipped
627,196,198,13,433.02,2025-06-01T17:11:15Z,delivered
628,192,154,3,171.57,2025-06-20T17:42:28Z,delayed
629,157,370,17,137.73,2025-06-26T19:53:23Z,processing
630,155,454,13,152.07,2025-06-07T01:13:12Z,delayed
631,1,80,3,280.87,2025-06-18T14:11:25Z,delivered
632,60,115,7,387.57,2025-06-27T03:21:46Z,delayed
633,192,156,9,149.72,2025-06-26T20:47:02Z,shipped
634,190,125,20,95.02,2025-06-15T08:36:08Z,shipped
635,71,21,2,273.02,2025-06-14T09:28:07Z,cancelled
636,134,217,18,453.17,2025-06-18T19:57:48Z,ordered
637,139,202,3,196.48,2025-06-04T10:59:46Z,cancelled
638,94,235,2,135.43,2025-06-23T13:57:04Z,delivered
639,42,382,4,112.3,2025-06-27T19:47:57Z,cancelled
640,69,421,2,194.84,2025-06-11T17:16:35Z,delayed
641,183,104,13,142.05,2025-06-02T15:43:21Z,processing
642,146,392,12,492.85,2025-06-04T00:44:11Z,cancelled
643,149,476,9,339.46,2025-06-02T01:56:27Z,delivered
644,73,247,7,269.89,2025-06-27T17:09:10Z,delivered
645,62,156,7,271.74,2025-06-15T03:15:56Z,delayed
646,134,178,2,237.63,2025-06-26T21:11:24Z,delayed
647,54,199,20,69.59,2025-06-25T23:39:05Z,shipped
648,63,348,18,403.72,2025-06-05T04:53:36Z,ordered
649,189,44,9,249.23,2025-06-28T09:10:12Z,delayed
650,11,296,10,385.65,2025-06-24T04:51:41Z,shipped
651,149,56,20,290.29,2025-06-06T10:05:39Z,processing
652,8,93,7,466.04,2025-06-18T14:29:26Z,ordered
653,151,364,3,361.24,2025-06-05T19:08:41Z,cancelled
654,135,220,2,277.13,2025-06-25T15:31:56Z,processing
655,159,488,2,356.98,2025-06-11T20:07:15Z,cancelled
656,159,156,13,183.59,2025-06-04T04:42:07Z,cancelled
657,111,321,19,63.2,2025-06-03T13:44:32Z,cancelled
658,185,372,17,489.96,2025-06-11T01:37:09Z,ordered
659,20,322,1,370.59,2025-06-10T13:36:52Z,ordered
660,34,257,8,137.94,2025-06-18T02:23:09Z,delivered
661,58,316,9,432.13,2025-06-02T10:54:20Z,processing
662,101,263,4,288.4,2025-06-13T16:21:21Z,shipped
663,88,81,13,499.42,2025-06-24T03:41:11Z,ordered
664,8,468,20,257.19,2025-06-04T03:20:13Z,cancelled
665,42,278,18,304.88,2025-06-12T08:01:29Z,delayed
666,30,22,6,465.28,2025-06-15T04:06:04Z,shipped
667,149,201,8,394.82,2025-06-29T22:42:27Z,processing
668,29,259,10,225.79,2025-06-23T09:52:23Z,delivered
669,55,304,11,390.64,2025-06-11T21:36:50Z,delivered
670,111,344,4,444.23,2025-06-21T04:34:29Z,shipped
671,96,208,11,354.21,2025-06-24T05:26:00Z,shipped
672,194,438,3,149.79,2025-06-29T07:59:09Z,shipped
673,119,298,16,348.61,2025-06-02T18:08:18Z,shipped
674,136,244,8,155.27,2025-06-27T16:16:47Z,shipped
675,79,331,10,62.55,2025-06-20T02:30:45Z,delivered
676,64,153,11,138.9,2025-06-18T10:57:48Z,processing
677,131,330,16,94.31,2025-06-15T07:17:07Z,ordered
678,55,107,20,440.2,2025-06-10T04:17:03Z,delivered
679,116,420,16,356.46,2025-06-23T22:36:19Z,delivered
680,198,193,8,233.33,2025-06-19T02:41:07Z,delayed
681,196,452,16,176.3,2025-06-20T03:10:37Z,delayed
682,172,216,10,218.97,2025-06-01T18:46:01Z,cancelled
683,37,226,7,29.0,2025-06-19T11:54:54Z,shipped
684,3,380,9,239.57,2025-06-17T01:08:17Z,cancelled
685,105,242,7,161.52,2025-06-17T14:27:57Z,ordered
686,37,226,6,106.1,2025-06-14T20:08:33Z,delayed
687,151,369,7,455.05,2025-06-16T00:17:05Z,ordered
688,4,190,5,201.82,2025-06-10T17:30:30Z,delayed
689,10,444,19,317.47,2025-06-28T07:32:49Z,delayed
690,33,34,8,432.0,2025-06-23T10:17:01Z,shipped
691,43,227,15,178.05,2025-06-02T12:05:37Z,processing
692,140,499,3,82.41,2025-06-04T08:38:51Z,ordered
693,181,107,1,19.57,2025-06-15T08:04:40Z,delivered
694,57,151,2,217.88,2025-06-13T01:30:49Z,processing
695,66,466,10,415.97,2025-06-21T02:47:33Z,cancelled
696,166,231,16,136.68,2025-06-25T16:47:51Z,ordered
697,18,397,4,189.06,2025-06-21T06:18:28Z,delayed
698,56,337,10,225.67,2025-06-13T09:45:25Z,shipped
699,114,290,19,134.7,2025-06-15T02:36:59Z,delivered
700,104,413,9,301.56,2025-06-05T02:52:02Z,ordered
701,143,43,7,237.43,2025-06-09T03:41:02Z,delayed
702,101,58,8,142.57,2025-06-04T01:29:16Z,cancelled
703,45,173,9,232.43,2025-06-10T17:56:59Z,shipped
704,141,284,15,201.38,2025-06-15T21:27:51Z,delivered
705,188,377,10,392.0,2025-06-28T04:05:49Z,delayed
706,93,379,1,306.08,2025-06-22T18:00:57Z,shipped
707,61,470,12,238.92,2025-06-01T23:08:34Z,shipped
708,184,283,12,245.02,2025-06-23T04:56:37Z,processing
709,171,175,6,480.39,2025-06-05T09:22:26Z,delivered
710,19,371,17,395.51,2025-06-13T04:29:33Z,shipped
711,80,395,20,185.9,2025-06-28T01:41:02Z,shipped
712,49,394,11,379.69,2025-06-25T19:58:49Z,delayed
713,18,366,15,424.98,2025-06-21T06:02:39Z,processing
714,142,107,12,67.82,2025-06-12T14:38:39Z,cancelled
715,79,330,13,478.74,2025-06-03T12:59:27Z,processing
716,67,100,6,450.13,2025-06-03T04:45:24Z,ordered
717,179,19,18,312.03,2025-06-04T12:48:15Z,delivered
718,51,30,9,426.94,2025-06-29T20:57:59Z,cancelled
719,124,189,12,224.3,2025-06-12T16:01:50Z,delivered
720,77,426,13,362.86,2025-06-02T19:09:20Z,cancelled
721,9,47,9,282.94,2025-06-04T19:51:08Z,delayed
722,58,31,4,291.27,2025-06-05T23:42:46Z,processing
723,80,9,4,53.2,2025-06-17T04:46:42Z,delayed
724,86,326,7,213.18,2025-06-14T23:29:49Z,shipped
725,136,314,6,131.54,2025-06-17T01:11:43Z,processing
726,68,255,4,101.71,2025-06-05T22:16:00Z,cancelled
727,135,385,20,122.56,2025-06-17T15:31:14Z,ordered
728,100,118,12,183.37,2025-06-24T20:55:05Z,processing
729,161,372,6,359.2,2025-06-04T16:55:12Z,processing
730,33,225,2,186.46,2025-06-20T12:01:23Z,cancelled
731,188,87,11,170.44,2025-06-13T09:00:00Z,delayed
732,68,160,10,385.18,2025-06-15T11:55:10Z,delayed
733,199,238,16,56.45,2025-06-29T13:10:58Z,shipped
734,111,249,20,83.18,2025-06-01T23:46:29Z,delayed
735,41,224,4,12.39,2025-06-18T11:33:56Z,processing
736,132,178,20,193.62,2025-06-03T09:26:43Z,processing
737,91,44,19,449.69,2025-06-13T01:58:58Z,cancelled
738,199,288,1,122.39,2025-06-09T05:47:20Z,processing
739,12,36,7,324.7,2025-06-19T14:44:50Z,delivered
740,12,152,3,301.54,2025-06-08T11:10:42Z,delayed
741,125,133,4,319.59,2025-06-17T04:54:00Z,delivered
742,113,375,1,127.03,2025-06-15T15:15:41Z,cancelled
743,139,229,3,141.61,2025-06-20T23:24:47Z,delayed
744,199,74,17,230.7,2025-06-13T04:09:37Z,delivered
745,111,414,1,428.63,2025-06-12T16:19:02Z,cancelled
746,37,273,4,238.18,2025-06-12T01:20:48Z,processing
747,4,450,18,260.99,2025-06-10T20:20:23Z,processing
748,167,67,12,372.02,2025-06-24T22:48:20Z,cancelled
749,164,114,13,85.7,2025-06-25T02:26:38Z,delayed
750,65,40,3,381.75,2025-06-01T14:52:35Z,processing
751,53,219,9,329.23,2025-06-12T18:56:50Z,delivered
752,38,390,6,131.53,2025-06-10T08:20:20Z,processing
753,38,354,7,349.21,2025-06-13T07:37:23Z,processing
754,60,12,4,171.16,2025-06-17T17:37:57Z,ordered
755,196,19,12,400.97,2025-06-29T03:20:50Z,delivered
756,83,133,2,285.36,2025-06-28T00:30:49Z,delivered
757,81,170,20,476.35,2025-06-13T16:01:40Z,delayed
758,17,493,10,107.9,2025-06-24T12:36:10Z,cancelled
759,148,449,9,264.29,2025-06-09T10:07:40Z,delivered
760,112,491,4,172.01,2025-06-24T21:03:24Z,delayed
761,148,266,5,357.65,2025-06-03T17:35:32Z,shipped
762,92,303,13,149.29,2025-06-08T15:55:39Z,shipped
763,5,317,20,131.06,2025-06-12T11:30:53Z,processing
764,138,434,4,438.29,2025-06-23T03:56:30Z,shipped
765,138,290,5,367.75,2025-06-22T15:13:58Z,processing
766,43,132,4,199.6,2025-06-27T08:04:40Z,processing
767,26,342,3,477.45,2025-06-24T12:15:29Z,delayed
768,192,477,19,34.43,2025-06-16T02:41:16Z,processing
769,53,471,5,219.02,2025-06-23T15:27:56Z,delayed
770,171,308,19,216.52,2025-06-06T03:38:10Z,cancelled
771,137,236,6,64.98,2025-06-26T06:30:28Z,processing
772,160,435,14,62.16,2025-06-25T03:38:58Z,ordered
773,76,417,19,498.15,2025-06-20T22:20:25Z,delivered
774,19,274,18,383.51,2025-06-18T09:24:07Z,delayed
775,140,394,12,76.57,2025-06-28T00:50:48Z,delivered
776,125,162,2,315.2,2025-06-25T04:57:12Z,delivered
777,147,84,17,179.91,2025-06-05T01:13:06Z,processing
778,193,118,20,119.65,2025-06-27T08:39:29Z,processing
779,11,73,3,85.12,2025-06-28T22:38:27Z,ordered
780,164,328,7,143.16,2025-06-11T10:02:13Z,ordered
781,52,418,10,33.21,2025-06-05T13:39:20Z,processing
782,180,160,20,157.26,2025-06-12T18:29:39Z,delayed
783,62,71,8,71.77,2025-06-05T05:01:00Z,delivered
784,184,319,5,56.51,2025-06-09T19:25:58Z,processing
785,136,122,10,396.57,2025-06-06T06:54:03Z,processing
786,26,268,5,199.33,2025-06-09T16:50:08Z,ordered
787,114,477,14,265.28,2025-06-05T04:28:14Z,delivered
788,132,88,19,205.42,2025-06-21T21:52:51Z,delayed
789,100,285,5,406.29,2025-06-02T07:00:56Z,cancelled
790,115,283,1,114.92,2025-06-10T07:28:22Z,delivered
791,182,101,19,89.57,2025-06-07T20:50:04Z,processing
792,86,350,6,437.28,2025-06-19T05:21:24Z,ordered
793,9,222,5,27.02,2025-06-01T13:57:03Z,processing
794,187,468,1,194.17,2025-06-05T11:46:35Z,shipped
795,126,39,5,433.38,2025-06-13T20:52:32Z,shipped
796,35,378,2,438.13,2025-06-28T23:06:33Z,delivered
797,58,173,12,405.32,2025-06-25T12:41:44Z,processing
798,88,328,10,11.4,2025-06-06T19:37:44Z,shipped
799,132,318,15,375.74,2025-06-04T04:01:21Z,shipped
800,191,220,13,127.05,2025-06-08T18:52:50Z,cancelled
801,44,166,5,280.37,2025-06-29T14:20:49Z,ordered
802,105,366,11,376.26,2025-06-04T18:07:47Z,processing
803,125,81,16,385.23,2025-06-16T06:19:23Z,delivered
804,71,331,16,194.87,2025-06-09T03:38:09Z,ordered
805,164,50,9,61.5,2025-06-27T02:50:07Z,delayed
806,35,401,9,366.52,2025-06-02T06:43:22Z,shipped
807,189,181,11,81.12,2025-06-01T09:15:35Z,processing
808,160,113,6,411.26,2025-06-19T04:29:20Z,shipped
809,68,158,11,247.03,2025-06-20T09:54:54Z,delivered
810,139,143,8,122.3,2025-06-01T06:01:19Z,ordered
811,154,346,12,484.4,2025-06-05T09:09:13Z,ordered
812,150,158,7,255.46,2025-06-20T22:55:30Z,processing
813,34,444,9,294.18,2025-06-21T13:01:43Z,processing
814,193,9,18,279.28,2025-06-17T19:37:36Z,processing
815,38,43,13,401.32,2025-06-02T07:05:44Z,delivered
816,2,426,15,460.19,2025-06-29T12:35:37Z,delayed
817,57,419,7,88.48,2025-06-17T09:53:22Z,delivered
818,10,81,13,173.66,2025-06-11T00:27:07Z,ordered
819,54,365,3,44.04,2025-06-19T05:17:10Z,ordered
820,157,485,3,57.27,2025-06-07T04:29:31Z,delivered
821,73,416,16,267.37,2025-06-03T09:42:55Z,delivered
822,113,420,20,352.22,2025-06-07T12:30:38Z,delayed
823,175,116,6,143.35,2025-06-19T08:10:02Z,ordered
824,185,349,11,333.57,2025-06-02T07:20:02Z,delivered
825,107,279,9,365.38,2025-06-22T13:52:46Z,delayed
826,84,473,10,358.48,2025-06-28T08:05:31Z,processing
827,142,424,1,19.05,2025-06-24T16:46:13Z,shipped
828,113,463,6,499.57,2025-06-07T03:08:12Z,ordered
829,1,142,11,13.97,2025-06-09T21:46:48Z,delivered
830,112,462,1,92.86,2025-06-18T09:58:43Z,cancelled
831,64,421,1,282.53,2025-06-19T11:19:57Z,processing
832,152,36,17,402.03,2025-06-18T22:44:28Z,delayed
833,141,378,3,219.37,2025-06-06T10:52:35Z,processing
834,198,257,4,181.99,2025-06-01T03:31:40Z,shipped
835,20,257,16,231.0,2025-06-21T03:11:43Z,delivered
836,18,475,11,28.96,2025-06-02T22:09:01Z,delayed
837,170,206,2,476.31,2025-06-05T01:25:27Z,shipped
838,73,410,14,192.51,2025-06-17T05:08:22Z,cancelled
839,25,426,1,444.37,2025-06-13T09:51:48Z,processing
840,71,3,20,316.04,2025-06-03T06:16:09Z,shipped
841,40,108,12,422.87,2025-06-19T03:48:23Z,cancelled
842,153,493,19,392.73,2025-06-26T07:05:02Z,delivered
843,28,85,16,483.82,2025-06-03T20:23:50Z,processing
844,145,377,13,312.12,2025-06-08T14:15:03Z,cancelled
845,2,188,5,310.44,2025-06-26T19:35:20Z,shipped
846,99,174,20,499.37,2025-06-06T09:12:57Z,delivered
847,194,213,17,431.22,2025-06-13T01:28:55Z,ordered
848,199,447,11,39.34,2025-06-17T11:08:43Z,delayed
849,74,488,7,90.67,2025-06-27T05:36:03Z,delivered
850,169,305,7,355.41,2025-06-28T05:30:17Z,delayed
851,10,222,6,438.93,2025-06-29T01:12:23Z,shipped
852,120,351,14,322.78,2025-06-06T10:08:48Z,shipped
853,130,68,7,198.6,2025-06-12T07:16:08Z,ordered
854,115,150,4,326.49,2025-06-01T01:27:53Z,processing
855,141,378,7,482.7,2025-06-19T02:17:24Z,shipped
856,194,378,3,491.93,2025-06-22T19:23:20Z,cancelled
857,42,218,7,213.04,2025-06-28T18:06:40Z,shipped
858,146,366,13,229.29,2025-06-26T07:53:27Z,cancelled
859,91,410,16,197.63,2025-06-27T02:53:03Z,processing
860,102,479,9,179.07,2025-06-23T09:43:57Z,delayed
861,173,311,3,398.91,2025-06-09T14:44:11Z,cancelled
862,52,62,10,43.22,2025-06-25T09:13:39Z,ordered
863,96,443,18,406.16,2025-06-14T22:35:55Z,ordered
864,178,32,7,441.76,2025-06-19T08:23:03Z,processing
865,72,1,16,266.01,2025-06-02T14:59:02Z,processing
866,80,68,5,254.84,2025-06-24T01:01:15Z,ordered
867,6,225,16,194.79,2025-06-01T10:27:50Z,shipped
868,62,118,14,280.59,2025-06-24T06:02:52Z,delayed
869,190,37,3,92.83,2025-06-29T03:16:54Z,ordered
870,116,499,5,144.41,2025-06-12T16:55:25Z,ordered
871,65,488,6,487.18,2025-06-23T19:19:17Z,delivered
872,162,446,18,255.72,2025-06-18T20:41:16Z,delayed
873,38,60,1,290.78,2025-06-26T16:42:31Z,ordered
874,68,236,19,201.17,2025-06-12T06:04:02Z,delayed
875,54,23,19,119.78,2025-06-14T08:12:58Z,cancelled
876,132,348,6,263.88,2025-06-29T13:05:31Z,shipped
877,6,398,10,226.09,2025-06-20T07:59:49Z,processing
878,17,386,19,208.0,2025-06-26T16:43:34Z,delayed
879,167,468,5,493.27,2025-06-13T11:08:06Z,delayed
880,95,66,15,225.78,2025-06-03T04:51:38Z,cancelled
881,189,456,14,229.7,2025-06-10T21:55:02Z,ordered
882,78,131,1,257.16,2025-06-02T05:55:13Z,processing
883,93,347,20,80.84,2025-06-06T16:00:37Z,ordered
884,156,500,3,324.26,2025-06-26T17:02:31Z,delivered
885,25,476,5,289.94,2025-06-19T15:53:28Z,delayed
886,6,487,2,82.41,2025-06-12T07:32:49Z,processing
887,156,314,14,301.93,2025-06-06T05:46:19Z,shipped
888,91,222,18,182.91,2025-06-01T07:05:26Z,delayed
889,16,61,9,407.46,2025-06-27T23:55:47Z,shipped
890,69,449,12,269.87,2025-06-01T05:42:42Z,shipped
891,45,380,4,145.8,2025-06-23T03:19:37Z,delivered
892,24,338,1,77.21,2025-06-26T07:34:50Z,cancelled
893,148,218,14,464.13,2025-06-05T18:58:21Z,delivered
894,75,225,17,135.63,2025-06-28T12:18:03Z,cancelled
895,158,253,9,90.81,2025-06-27T21:50:58Z,cancelled
896,68,224,14,238.96,2025-06-14T06:09:41Z,delayed
897,70,152,4,242.26,2025-06-01T19:27:02Z,cancelled
898,179,495,12,462.38,2025-06-02T02:49:43Z,delivered
899,192,80,3,184.18,2025-06-11T23:02:12Z,cancelled
900,120,93,17,441.8,2025-06-05T12:52:28Z,processing
901,92,119,20,199.21,2025-06-24T19:52:48Z,ordered
902,28,440,6,487.65,2025-06-12T13:40:23Z,cancelled
903,131,309,20,261.23,2025-06-14T05:27:59Z,delivered
904,176,313,13,484.2,2025-06-25T19:13:22Z,cancelled
905,19,89,12,43.0,2025-06-28T09:49:08Z,cancelled
906,198,147,13,433.85,2025-06-05T17:40:46Z,ordered
907,177,395,2,315.44,2025-06-27T10:50:02Z,delayed
908,72,499,9,63.78,2025-06-07T02:39:48Z,shipped
909,2,399,1,62.92,2025-06-26T01:24:02Z,ordered
910,162,54,11,437.88,2025-06-17T03:32:13Z,delayed
911,3,277,19,55.4,2025-06-28T09:07:38Z,delayed
912,198,105,9,184.31,2025-06-19T01:21:27Z,shipped
913,143,251,9,295.28,2025-06-15T11:44:51Z,delivered
914,194,51,7,10.26,2025-06-07T23:51:02Z,shipped
915,168,443,12,468.71,2025-06-05T18:49:29Z,shipped
916,95,114,13,90.56,2025-06-20T10:14:57Z,ordered
917,68,451,9,160.23,2025-06-24T10:55:35Z,delayed
918,188,52,10,35.15,2025-06-11T03:58:27Z,ordered
919,189,144,8,219.25,2025-06-04T13:27:42Z,ordered
920,71,456,19,67.55,2025-06-25T16:38:03Z,ordered
921,89,75,16,51.66,2025-06-21T00:29:04Z,shipped
922,191,392,8,337.34,2025-06-12T19:13:07Z,delayed
923,110,460,5,244.67,2025-06-01T02:53:05Z,delayed
924,20,148,5,457.71,2025-06-10T06:36:33Z,processing
925,112,320,6,173.65,2025-06-21T10:41:06Z,delivered
926,183,89,10,115.44,2025-06-06T00:43:33Z,delivered
927,66,342,9,264.48,2025-06-07T10:02:51Z,delivered
928,150,399,15,101.85,2025-06-29T13:53:00Z,processing
929,180,41,17,356.45,2025-06-17T05:15:50Z,ordered
930,111,49,2,297.45,2025-06-25T19:54:46Z,ordered
931,141,372,3,343.24,2025-06-01T16:09:54Z,shipped
932,187,423,12,177.62,2025-06-12T17:35:44Z,cancelled
933,193,175,9,148.95,2025-06-01T19:29:39Z,cancelled
934,108,432,2,331.92,2025-06-22T03:01:29Z,ordered
935,60,242,15,85.63,2025-06-09T01:15:39Z,shipped
936,101,471,13,348.07,2025-06-28T04:41:05Z,delivered
937,84,212,7,305.16,2025-06-06T10:28:47Z,cancelled
938,162,62,8,227.55,2025-06-19T12:06:35Z,cancelled
939,106,94,9,435.36,2025-06-16T21:38:43Z,shipped
940,56,195,10,447.69,2025-06-25T04:52:32Z,shipped
941,134,365,5,189.29,2025-06-21T19:06:48Z,cancelled
942,124,26,15,418.37,2025-06-29T01:05:14Z,ordered
943,122,223,5,166.48,2025-06-22T23:05:39Z,ordered
944,4,312,19,461.08,2025-06-01T13:13:17Z,ordered
945,34,266,2,156.32,2025-06-11T06:52:47Z,delivered
946,192,282,7,415.62,2025-06-26T14:01:40Z,shipped
947,117,210,3,339.55,2025-06-27T05:36:52Z,cancelled
948,133,2,5,53.34,2025-06-13T18:57:23Z,ordered
949,140,238,14,358.12,2025-06-26T14:53:53Z,delivered
950,18,306,9,164.72,2025-06-22T14:07:16Z,shipped
951,74,72,20,434.94,2025-06-04T21:01:21Z,delayed
952,197,110,4,373.94,2025-06-10T16:28:25Z,delayed
953,85,401,14,199.3,2025-06-29T13:48:23Z,delayed
954,39,321,18,163.79,2025-06-28T05:19:06Z,ordered
955,68,340,5,13.31,2025-06-04T16:33:32Z,delayed
956,9,45,15,243.41,2025-06-17T08:30:21Z,delayed
957,149,221,18,17.88,2025-06-02T05:36:27Z,processing
958,136,254,19,178.75,2025-06-02T05:10:41Z,delayed
959,91,426,13,130.81,2025-06-01T04:47:01Z,ordered
960,191,408,8,148.66,2025-06-15T15:28:35Z,ordered
961,2,182,20,80.22,2025-06-03T18:41:26Z,ordered
962,172,497,18,256.48,2025-06-10T07:08:44Z,processing
963,72,370,10,161.31,2025-06-15T00:21:14Z,processing
964,4,274,2,415.93,2025-06-13T06:04:52Z,ordered
965,69,305,16,349.26,2025-06-21T08:32:49Z,shipped
966,55,332,17,57.82,2025-06-02T19:56:03Z,shipped
967,193,200,3,19.0,2025-06-11T15:17:24Z,delayed
968,110,103,3,107.1,2025-06-04T23:28:52Z,cancelled
969,58,334,19,404.45,2025-06-14T16:22:59Z,ordered
970,22,317,3,278.62,2025-06-26T13:41:08Z,processing
971,68,25,3,381.2,2025-06-09T01:54:37Z,processing
972,57,71,10,60.63,2025-06-11T20:05:33Z,cancelled
973,70,241,15,490.02,2025-06-21T22:38:23Z,processing
974,170,437,3,143.17,2025-06-29T12:33:55Z,processing
975,95,439,1,276.11,2025-06-06T18:41:05Z,cancelled
976,47,198,17,309.42,2025-06-22T20:40:56Z,delayed
977,78,5,6,125.75,2025-06-02T02:43:20Z,delayed
978,63,25,5,196.41,2025-06-26T04:28:36Z,delayed
979,172,354,9,196.35,2025-06-07T23:05:33Z,delayed
980,83,482,20,23.33,2025-06-17T14:07:21Z,delayed
981,160,285,20,393.94,2025-06-16T21:59:24Z,ordered
982,78,441,14,232.21,2025-06-22T06:37:36Z,shipped
983,186,357,19,245.15,2025-06-12T02:35:26Z,delayed
984,92,457,11,197.42,2025-06-28T01:43:46Z,processing
985,14,270,17,58.94,2025-06-04T21:06:31Z,processing
986,108,48,6,433.14,2025-06-09T20:02:13Z,shipped
987,170,466,19,415.12,2025-06-16T19:57:22Z,processing
988,90,393,10,433.42,2025-06-17T16:39:19Z,cancelled
989,20,110,12,29.55,2025-06-10T14:06:32Z,cancelled
990,41,196,16,294.2,2025-06-25T06:45:11Z,processing
991,149,80,10,257.07,2025-06-22T12:20:54Z,shipped
992,120,308,17,394.22,2025-06-07T21:10:43Z,delayed
993,169,462,8,383.22,2025-06-15T01:20:08Z,ordered
994,162,22,2,375.76,2025-06-06T04:18:47Z,processing
995,28,92,5,216.77,2025-06-04T19:35:00Z,ordered
996,52,58,1,274.38,2025-06-28T13:44:33Z,shipped
997,139,203,17,150.82,2025-06-18T08:15:07Z,ordered
998,69,170,17,127.03,2025-06-21T03:12:57Z,processing
999,53,132,17,386.0,2025-06-10T03:25:59Z,delayed
1000,106,403,14,113.73,2025-06-01T16:47:28Z,ordered
